images_dir,masks_dir,json_dir
0_left_2023_10_22_10_44_29.jpg,0_left_2023_10_22_10_44_29.jpg,0_left_2023_10_22_10_44_29.json
100_left_2023_10_22_10_44_46.jpg,100_left_2023_10_22_10_44_46.jpg,100_left_2023_10_22_10_44_46.json
103_left_2023_10_22_10_44_47.jpg,103_left_2023_10_22_10_44_47.jpg,103_left_2023_10_22_10_44_47.json
105_left_2023_10_22_10_44_47.jpg,105_left_2023_10_22_10_44_47.jpg,105_left_2023_10_22_10_44_47.json
1067_left_2023_10_22_10_47_27.jpg,1067_left_2023_10_22_10_47_27.jpg,1067_left_2023_10_22_10_47_27.json
1068_left_2023_10_22_10_47_27.jpg,1068_left_2023_10_22_10_47_27.jpg,1068_left_2023_10_22_10_47_27.json
1069_left_2023_10_22_10_47_28.jpg,1069_left_2023_10_22_10_47_28.jpg,1069_left_2023_10_22_10_47_28.json
1070_left_2023_10_22_10_47_28.jpg,1070_left_2023_10_22_10_47_28.jpg,1070_left_2023_10_22_10_47_28.json
1071_left_2023_10_22_10_47_28.jpg,1071_left_2023_10_22_10_47_28.jpg,1071_left_2023_10_22_10_47_28.json
10_left_2023_10_22_10_44_31.jpg,10_left_2023_10_22_10_44_31.jpg,10_left_2023_10_22_10_44_31.json
110_left_2023_10_22_10_44_48.jpg,110_left_2023_10_22_10_44_48.jpg,110_left_2023_10_22_10_44_48.json
111_left_2023_10_22_10_44_48.jpg,111_left_2023_10_22_10_44_48.jpg,111_left_2023_10_22_10_44_48.json
113_left_2023_10_22_10_44_48.jpg,113_left_2023_10_22_10_44_48.jpg,113_left_2023_10_22_10_44_48.json
117_left_2023_10_22_10_44_49.jpg,117_left_2023_10_22_10_44_49.jpg,117_left_2023_10_22_10_44_49.json
11_left_2023_10_22_10_44_31.jpg,11_left_2023_10_22_10_44_31.jpg,11_left_2023_10_22_10_44_31.json
121_left_2023_10_22_10_44_50.jpg,121_left_2023_10_22_10_44_50.jpg,121_left_2023_10_22_10_44_50.json
122_left_2023_10_22_10_44_50.jpg,122_left_2023_10_22_10_44_50.jpg,122_left_2023_10_22_10_44_50.json
126_left_2023_10_22_10_44_50.jpg,126_left_2023_10_22_10_44_50.jpg,126_left_2023_10_22_10_44_50.json
127_left_2023_10_22_10_44_51.jpg,127_left_2023_10_22_10_44_51.jpg,127_left_2023_10_22_10_44_51.json
12_left_2023_10_22_10_44_31.jpg,12_left_2023_10_22_10_44_31.jpg,12_left_2023_10_22_10_44_31.json
130_left_2023_10_22_10_44_51.jpg,130_left_2023_10_22_10_44_51.jpg,130_left_2023_10_22_10_44_51.json
132_left_2023_10_22_10_44_51.jpg,132_left_2023_10_22_10_44_51.jpg,132_left_2023_10_22_10_44_51.json
137_left_2023_10_22_10_44_52.jpg,137_left_2023_10_22_10_44_52.jpg,137_left_2023_10_22_10_44_52.json
13_left_2023_10_22_10_44_31.jpg,13_left_2023_10_22_10_44_31.jpg,13_left_2023_10_22_10_44_31.json
13_left_2023_10_22_10_44_32.jpg,13_left_2023_10_22_10_44_32.jpg,13_left_2023_10_22_10_44_32.json
143_left_2023_10_22_10_44_53.jpg,143_left_2023_10_22_10_44_53.jpg,143_left_2023_10_22_10_44_53.json
145_left_2023_10_22_10_44_54.jpg,145_left_2023_10_22_10_44_54.jpg,145_left_2023_10_22_10_44_54.json
148_left_2023_10_22_10_44_54.jpg,148_left_2023_10_22_10_44_54.jpg,148_left_2023_10_22_10_44_54.json
14_left_2023_10_22_10_44_32.jpg,14_left_2023_10_22_10_44_32.jpg,14_left_2023_10_22_10_44_32.json
155_left_2023_10_22_10_44_55.jpg,155_left_2023_10_22_10_44_55.jpg,155_left_2023_10_22_10_44_55.json
15_left_2023_10_22_10_44_32.jpg,15_left_2023_10_22_10_44_32.jpg,15_left_2023_10_22_10_44_32.json
160_left_2023_10_22_10_44_56.jpg,160_left_2023_10_22_10_44_56.jpg,160_left_2023_10_22_10_44_56.json
164_left_2023_10_22_10_44_57.jpg,164_left_2023_10_22_10_44_57.jpg,164_left_2023_10_22_10_44_57.json
169_left_2023_10_22_10_44_58.jpg,169_left_2023_10_22_10_44_58.jpg,169_left_2023_10_22_10_44_58.json
16_left_2023_10_22_10_44_32.jpg,16_left_2023_10_22_10_44_32.jpg,16_left_2023_10_22_10_44_32.json
171_left_2023_10_22_10_44_58.jpg,171_left_2023_10_22_10_44_58.jpg,171_left_2023_10_22_10_44_58.json
17_left_2023_10_22_10_44_32.jpg,17_left_2023_10_22_10_44_32.jpg,17_left_2023_10_22_10_44_32.json
181_left_2023_10_22_10_45_00.jpg,181_left_2023_10_22_10_45_00.jpg,181_left_2023_10_22_10_45_00.json
185_left_2023_10_22_10_45_00.jpg,185_left_2023_10_22_10_45_00.jpg,185_left_2023_10_22_10_45_00.json
188_left_2023_10_22_10_45_01.jpg,188_left_2023_10_22_10_45_01.jpg,188_left_2023_10_22_10_45_01.json
18_left_2023_10_22_10_44_32.jpg,18_left_2023_10_22_10_44_32.jpg,18_left_2023_10_22_10_44_32.json
193_left_2023_10_22_10_45_02.jpg,193_left_2023_10_22_10_45_02.jpg,193_left_2023_10_22_10_45_02.json
197_left_2023_10_22_10_45_02.jpg,197_left_2023_10_22_10_45_02.jpg,197_left_2023_10_22_10_45_02.json
19_left_2023_10_22_10_44_32.jpg,19_left_2023_10_22_10_44_32.jpg,19_left_2023_10_22_10_44_32.json
19_left_2023_10_22_10_44_33.jpg,19_left_2023_10_22_10_44_33.jpg,19_left_2023_10_22_10_44_33.json
1_left_2023_10_22_10_44_30.jpg,1_left_2023_10_22_10_44_30.jpg,1_left_2023_10_22_10_44_30.json
200_left_2023_10_22_10_45_03.jpg,200_left_2023_10_22_10_45_03.jpg,200_left_2023_10_22_10_45_03.json
202_left_2023_10_22_10_45_03.jpg,202_left_2023_10_22_10_45_03.jpg,202_left_2023_10_22_10_45_03.json
206_left_2023_10_22_10_45_04.jpg,206_left_2023_10_22_10_45_04.jpg,206_left_2023_10_22_10_45_04.json
209_left_2023_10_22_10_45_04.jpg,209_left_2023_10_22_10_45_04.jpg,209_left_2023_10_22_10_45_04.json
20_left_2023_10_22_10_44_33.jpg,20_left_2023_10_22_10_44_33.jpg,20_left_2023_10_22_10_44_33.json
210_left_2023_10_22_10_45_04.jpg,210_left_2023_10_22_10_45_04.jpg,210_left_2023_10_22_10_45_04.json
218_left_2023_10_22_10_45_06.jpg,218_left_2023_10_22_10_45_06.jpg,218_left_2023_10_22_10_45_06.json
219_left_2023_10_22_10_45_06.jpg,219_left_2023_10_22_10_45_06.jpg,219_left_2023_10_22_10_45_06.json
21_left_2023_10_22_10_44_33.jpg,21_left_2023_10_22_10_44_33.jpg,21_left_2023_10_22_10_44_33.json
221_left_2023_10_22_10_45_06.jpg,221_left_2023_10_22_10_45_06.jpg,221_left_2023_10_22_10_45_06.json
225_left_2023_10_22_10_45_07.jpg,225_left_2023_10_22_10_45_07.jpg,225_left_2023_10_22_10_45_07.json
228_left_2023_10_22_10_45_07.jpg,228_left_2023_10_22_10_45_07.jpg,228_left_2023_10_22_10_45_07.json
229_left_2023_10_22_10_45_08.jpg,229_left_2023_10_22_10_45_08.jpg,229_left_2023_10_22_10_45_08.json
232_left_2023_10_22_10_45_08.jpg,232_left_2023_10_22_10_45_08.jpg,232_left_2023_10_22_10_45_08.json
237_left_2023_10_22_10_45_09.jpg,237_left_2023_10_22_10_45_09.jpg,237_left_2023_10_22_10_45_09.json
239_left_2023_10_22_10_45_09.jpg,239_left_2023_10_22_10_45_09.jpg,239_left_2023_10_22_10_45_09.json
241_left_2023_10_22_10_45_10.jpg,241_left_2023_10_22_10_45_10.jpg,241_left_2023_10_22_10_45_10.json
243_left_2023_10_22_10_45_10.jpg,243_left_2023_10_22_10_45_10.jpg,243_left_2023_10_22_10_45_10.json
250_left_2023_10_22_10_45_11.jpg,250_left_2023_10_22_10_45_11.jpg,250_left_2023_10_22_10_45_11.json
254_left_2023_10_22_10_45_12.jpg,254_left_2023_10_22_10_45_12.jpg,254_left_2023_10_22_10_45_12.json
257_left_2023_10_22_10_45_12.jpg,257_left_2023_10_22_10_45_12.jpg,257_left_2023_10_22_10_45_12.json
261_left_2023_10_22_10_45_13.jpg,261_left_2023_10_22_10_45_13.jpg,261_left_2023_10_22_10_45_13.json
266_left_2023_10_22_10_45_14.jpg,266_left_2023_10_22_10_45_14.jpg,266_left_2023_10_22_10_45_14.json
26_left_2023_10_22_10_44_34.jpg,26_left_2023_10_22_10_44_34.jpg,26_left_2023_10_22_10_44_34.json
272_left_2023_10_22_10_45_15.jpg,272_left_2023_10_22_10_45_15.jpg,272_left_2023_10_22_10_45_15.json
273_left_2023_10_22_10_45_15.jpg,273_left_2023_10_22_10_45_15.jpg,273_left_2023_10_22_10_45_15.json
27_left_2023_10_22_10_44_34.jpg,27_left_2023_10_22_10_44_34.jpg,27_left_2023_10_22_10_44_34.json
29_left_2023_10_22_10_44_34.jpg,29_left_2023_10_22_10_44_34.jpg,29_left_2023_10_22_10_44_34.json
2_left_2023_10_22_10_44_30.jpg,2_left_2023_10_22_10_44_30.jpg,2_left_2023_10_22_10_44_30.json
30_left_2023_10_22_10_44_34.jpg,30_left_2023_10_22_10_44_34.jpg,30_left_2023_10_22_10_44_34.json
31_left_2023_10_22_10_44_35.jpg,31_left_2023_10_22_10_44_35.jpg,31_left_2023_10_22_10_44_35.json
34_left_2023_10_22_10_44_35.jpg,34_left_2023_10_22_10_44_35.jpg,34_left_2023_10_22_10_44_35.json
35_left_2023_10_22_10_44_35.jpg,35_left_2023_10_22_10_44_35.jpg,35_left_2023_10_22_10_44_35.json
371_left_2023_10_22_10_45_31.jpg,371_left_2023_10_22_10_45_31.jpg,371_left_2023_10_22_10_45_31.json
373_left_2023_10_22_10_45_32.jpg,373_left_2023_10_22_10_45_32.jpg,373_left_2023_10_22_10_45_32.json
375_left_2023_10_22_10_45_32.jpg,375_left_2023_10_22_10_45_32.jpg,375_left_2023_10_22_10_45_32.json
37_left_2023_10_22_10_44_36.jpg,37_left_2023_10_22_10_44_36.jpg,37_left_2023_10_22_10_44_36.json
381_left_2023_10_22_10_45_33.jpg,381_left_2023_10_22_10_45_33.jpg,381_left_2023_10_22_10_45_33.json
386_left_2023_10_22_10_45_34.jpg,386_left_2023_10_22_10_45_34.jpg,386_left_2023_10_22_10_45_34.json
390_left_2023_10_22_10_45_34.jpg,390_left_2023_10_22_10_45_34.jpg,390_left_2023_10_22_10_45_34.json
391_left_2023_10_22_10_45_35.jpg,391_left_2023_10_22_10_45_35.jpg,391_left_2023_10_22_10_45_35.json
397_left_2023_10_22_10_45_36.jpg,397_left_2023_10_22_10_45_36.jpg,397_left_2023_10_22_10_45_36.json
3_left_2023_10_22_10_44_30.jpg,3_left_2023_10_22_10_44_30.jpg,3_left_2023_10_22_10_44_30.json
400_left_2023_10_22_10_45_36.jpg,400_left_2023_10_22_10_45_36.jpg,400_left_2023_10_22_10_45_36.json
402_left_2023_10_22_10_45_36.jpg,402_left_2023_10_22_10_45_36.jpg,402_left_2023_10_22_10_45_36.json
406_left_2023_10_22_10_45_37.jpg,406_left_2023_10_22_10_45_37.jpg,406_left_2023_10_22_10_45_37.json
409_left_2023_10_22_10_45_38.jpg,409_left_2023_10_22_10_45_38.jpg,409_left_2023_10_22_10_45_38.json
416_left_2023_10_22_10_45_39.jpg,416_left_2023_10_22_10_45_39.jpg,416_left_2023_10_22_10_45_39.json
417_left_2023_10_22_10_45_39.jpg,417_left_2023_10_22_10_45_39.jpg,417_left_2023_10_22_10_45_39.json
41_left_2023_10_22_10_44_36.jpg,41_left_2023_10_22_10_44_36.jpg,41_left_2023_10_22_10_44_36.json
422_left_2023_10_22_10_45_40.jpg,422_left_2023_10_22_10_45_40.jpg,422_left_2023_10_22_10_45_40.json
42_left_2023_10_22_10_44_36.jpg,42_left_2023_10_22_10_44_36.jpg,42_left_2023_10_22_10_44_36.json
434_left_2023_10_22_10_45_42.jpg,434_left_2023_10_22_10_45_42.jpg,434_left_2023_10_22_10_45_42.json
444_left_2023_10_22_10_45_43.jpg,444_left_2023_10_22_10_45_43.jpg,444_left_2023_10_22_10_45_43.json
44_left_2023_10_22_10_44_37.jpg,44_left_2023_10_22_10_44_37.jpg,44_left_2023_10_22_10_44_37.json
462_left_2023_10_22_10_45_46.jpg,462_left_2023_10_22_10_45_46.jpg,462_left_2023_10_22_10_45_46.json
46_left_2023_10_22_10_44_37.jpg,46_left_2023_10_22_10_44_37.jpg,46_left_2023_10_22_10_44_37.json
475_left_2023_10_22_10_45_49.jpg,475_left_2023_10_22_10_45_49.jpg,475_left_2023_10_22_10_45_49.json
47_left_2023_10_22_10_44_37.jpg,47_left_2023_10_22_10_44_37.jpg,47_left_2023_10_22_10_44_37.json
483_left_2023_10_22_10_45_50.jpg,483_left_2023_10_22_10_45_50.jpg,483_left_2023_10_22_10_45_50.json
488_left_2023_10_22_10_45_51.jpg,488_left_2023_10_22_10_45_51.jpg,488_left_2023_10_22_10_45_51.json
495_left_2023_10_22_10_45_52.jpg,495_left_2023_10_22_10_45_52.jpg,495_left_2023_10_22_10_45_52.json
49_left_2023_10_22_10_44_38.jpg,49_left_2023_10_22_10_44_38.jpg,49_left_2023_10_22_10_44_38.json
4_left_2023_10_22_10_44_30.jpg,4_left_2023_10_22_10_44_30.jpg,4_left_2023_10_22_10_44_30.json
511_left_2023_10_22_10_45_55.jpg,511_left_2023_10_22_10_45_55.jpg,511_left_2023_10_22_10_45_55.json
514_left_2023_10_22_10_45_55.jpg,514_left_2023_10_22_10_45_55.jpg,514_left_2023_10_22_10_45_55.json
53_left_2023_10_22_10_44_38.jpg,53_left_2023_10_22_10_44_38.jpg,53_left_2023_10_22_10_44_38.json
55_left_2023_10_22_10_44_39.jpg,55_left_2023_10_22_10_44_39.jpg,55_left_2023_10_22_10_44_39.json
591_left_2023_10_22_10_46_08.jpg,591_left_2023_10_22_10_46_08.jpg,591_left_2023_10_22_10_46_08.json
596_left_2023_10_22_10_46_09.jpg,596_left_2023_10_22_10_46_09.jpg,596_left_2023_10_22_10_46_09.json
598_left_2023_10_22_10_46_09.jpg,598_left_2023_10_22_10_46_09.jpg,598_left_2023_10_22_10_46_09.json
59_left_2023_10_22_10_44_39.jpg,59_left_2023_10_22_10_44_39.jpg,59_left_2023_10_22_10_44_39.json
5_left_2023_10_22_10_44_30.jpg,5_left_2023_10_22_10_44_30.jpg,5_left_2023_10_22_10_44_30.json
601_left_2023_10_22_10_46_10.jpg,601_left_2023_10_22_10_46_10.jpg,601_left_2023_10_22_10_46_10.json
606_left_2023_10_22_10_46_10.jpg,606_left_2023_10_22_10_46_10.jpg,606_left_2023_10_22_10_46_10.json
607_left_2023_10_22_10_46_11.jpg,607_left_2023_10_22_10_46_11.jpg,607_left_2023_10_22_10_46_11.json
60_left_2023_10_22_10_44_39.jpg,60_left_2023_10_22_10_44_39.jpg,60_left_2023_10_22_10_44_39.json
613_left_2023_10_22_10_46_12.jpg,613_left_2023_10_22_10_46_12.jpg,613_left_2023_10_22_10_46_12.json
614_left_2023_10_22_10_46_12.jpg,614_left_2023_10_22_10_46_12.jpg,614_left_2023_10_22_10_46_12.json
618_left_2023_10_22_10_46_12.jpg,618_left_2023_10_22_10_46_12.jpg,618_left_2023_10_22_10_46_12.json
633_left_2023_10_22_10_46_15.jpg,633_left_2023_10_22_10_46_15.jpg,633_left_2023_10_22_10_46_15.json
635_left_2023_10_22_10_46_15.jpg,635_left_2023_10_22_10_46_15.jpg,635_left_2023_10_22_10_46_15.json
644_left_2023_10_22_10_46_17.jpg,644_left_2023_10_22_10_46_17.jpg,644_left_2023_10_22_10_46_17.json
649_left_2023_10_22_10_46_18.jpg,649_left_2023_10_22_10_46_18.jpg,649_left_2023_10_22_10_46_18.json
653_left_2023_10_22_10_46_18.jpg,653_left_2023_10_22_10_46_18.jpg,653_left_2023_10_22_10_46_18.json
65_left_2023_10_22_10_44_40.jpg,65_left_2023_10_22_10_44_40.jpg,65_left_2023_10_22_10_44_40.json
660_left_2023_10_22_10_46_19.jpg,660_left_2023_10_22_10_46_19.jpg,660_left_2023_10_22_10_46_19.json
66_left_2023_10_22_10_44_40.jpg,66_left_2023_10_22_10_44_40.jpg,66_left_2023_10_22_10_44_40.json
674_left_2023_10_22_10_46_22.jpg,674_left_2023_10_22_10_46_22.jpg,674_left_2023_10_22_10_46_22.json
675_left_2023_10_22_10_46_22.jpg,675_left_2023_10_22_10_46_22.jpg,675_left_2023_10_22_10_46_22.json
679_left_2023_10_22_10_46_23.jpg,679_left_2023_10_22_10_46_23.jpg,679_left_2023_10_22_10_46_23.json
682_left_2023_10_22_10_46_23.jpg,682_left_2023_10_22_10_46_23.jpg,682_left_2023_10_22_10_46_23.json
686_left_2023_10_22_10_46_24.jpg,686_left_2023_10_22_10_46_24.jpg,686_left_2023_10_22_10_46_24.json
68_left_2023_10_22_10_44_41.jpg,68_left_2023_10_22_10_44_41.jpg,68_left_2023_10_22_10_44_41.json
690_left_2023_10_22_10_46_24.jpg,690_left_2023_10_22_10_46_24.jpg,690_left_2023_10_22_10_46_24.json
694_left_2023_10_22_10_46_25.jpg,694_left_2023_10_22_10_46_25.jpg,694_left_2023_10_22_10_46_25.json
695_left_2023_10_22_10_46_25.jpg,695_left_2023_10_22_10_46_25.jpg,695_left_2023_10_22_10_46_25.json
6_left_2023_10_22_10_44_30.jpg,6_left_2023_10_22_10_44_30.jpg,6_left_2023_10_22_10_44_30.json
700_left_2023_10_22_10_46_26.jpg,700_left_2023_10_22_10_46_26.jpg,700_left_2023_10_22_10_46_26.json
707_left_2023_10_22_10_46_27.jpg,707_left_2023_10_22_10_46_27.jpg,707_left_2023_10_22_10_46_27.json
714_left_2023_10_22_10_46_28.jpg,714_left_2023_10_22_10_46_28.jpg,714_left_2023_10_22_10_46_28.json
71_left_2023_10_22_10_44_41.jpg,71_left_2023_10_22_10_44_41.jpg,71_left_2023_10_22_10_44_41.json
721_left_2023_10_22_10_46_30.jpg,721_left_2023_10_22_10_46_30.jpg,721_left_2023_10_22_10_46_30.json
726_left_2023_10_22_10_46_30.jpg,726_left_2023_10_22_10_46_30.jpg,726_left_2023_10_22_10_46_30.json
728_left_2023_10_22_10_46_31.jpg,728_left_2023_10_22_10_46_31.jpg,728_left_2023_10_22_10_46_31.json
731_left_2023_10_22_10_46_31.jpg,731_left_2023_10_22_10_46_31.jpg,731_left_2023_10_22_10_46_31.json
734_left_2023_10_22_10_46_32.jpg,734_left_2023_10_22_10_46_32.jpg,734_left_2023_10_22_10_46_32.json
737_left_2023_10_22_10_46_32.jpg,737_left_2023_10_22_10_46_32.jpg,737_left_2023_10_22_10_46_32.json
73_left_2023_10_22_10_44_42.jpg,73_left_2023_10_22_10_44_42.jpg,73_left_2023_10_22_10_44_42.json
751_left_2023_10_22_10_46_35.jpg,751_left_2023_10_22_10_46_35.jpg,751_left_2023_10_22_10_46_35.json
756_left_2023_10_22_10_46_35.jpg,756_left_2023_10_22_10_46_35.jpg,756_left_2023_10_22_10_46_35.json
758_left_2023_10_22_10_46_36.jpg,758_left_2023_10_22_10_46_36.jpg,758_left_2023_10_22_10_46_36.json
76_left_2023_10_22_10_44_42.jpg,76_left_2023_10_22_10_44_42.jpg,76_left_2023_10_22_10_44_42.json
770_left_2023_10_22_10_46_38.jpg,770_left_2023_10_22_10_46_38.jpg,770_left_2023_10_22_10_46_38.json
776_left_2023_10_22_10_46_39.jpg,776_left_2023_10_22_10_46_39.jpg,776_left_2023_10_22_10_46_39.json
77_left_2023_10_22_10_44_42.jpg,77_left_2023_10_22_10_44_42.jpg,77_left_2023_10_22_10_44_42.json
7_left_2023_10_22_10_44_31.jpg,7_left_2023_10_22_10_44_31.jpg,7_left_2023_10_22_10_44_31.json
810_left_2023_10_22_10_46_44.jpg,810_left_2023_10_22_10_46_44.jpg,810_left_2023_10_22_10_46_44.json
814_left_2023_10_22_10_46_45.jpg,814_left_2023_10_22_10_46_45.jpg,814_left_2023_10_22_10_46_45.json
81_left_2023_10_22_10_44_43.jpg,81_left_2023_10_22_10_44_43.jpg,81_left_2023_10_22_10_44_43.json
823_left_2023_10_22_10_46_47.jpg,823_left_2023_10_22_10_46_47.jpg,823_left_2023_10_22_10_46_47.json
824_left_2023_10_22_10_46_47.jpg,824_left_2023_10_22_10_46_47.jpg,824_left_2023_10_22_10_46_47.json
827_left_2023_10_22_10_46_47.jpg,827_left_2023_10_22_10_46_47.jpg,827_left_2023_10_22_10_46_47.json
832_left_2023_10_22_10_46_48.jpg,832_left_2023_10_22_10_46_48.jpg,832_left_2023_10_22_10_46_48.json
837_left_2023_10_22_10_46_49.jpg,837_left_2023_10_22_10_46_49.jpg,837_left_2023_10_22_10_46_49.json
839_left_2023_10_22_10_46_49.jpg,839_left_2023_10_22_10_46_49.jpg,839_left_2023_10_22_10_46_49.json
845_left_2023_10_22_10_46_50.jpg,845_left_2023_10_22_10_46_50.jpg,845_left_2023_10_22_10_46_50.json
84_left_2023_10_22_10_44_43.jpg,84_left_2023_10_22_10_44_43.jpg,84_left_2023_10_22_10_44_43.json
854_left_2023_10_22_10_46_52.jpg,854_left_2023_10_22_10_46_52.jpg,854_left_2023_10_22_10_46_52.json
857_left_2023_10_22_10_46_52.jpg,857_left_2023_10_22_10_46_52.jpg,857_left_2023_10_22_10_46_52.json
865_left_2023_10_22_10_46_54.jpg,865_left_2023_10_22_10_46_54.jpg,865_left_2023_10_22_10_46_54.json
866_left_2023_10_22_10_46_54.jpg,866_left_2023_10_22_10_46_54.jpg,866_left_2023_10_22_10_46_54.json
86_left_2023_10_22_10_44_44.jpg,86_left_2023_10_22_10_44_44.jpg,86_left_2023_10_22_10_44_44.json
871_left_2023_10_22_10_46_55.jpg,871_left_2023_10_22_10_46_55.jpg,871_left_2023_10_22_10_46_55.json
875_left_2023_10_22_10_46_55.jpg,875_left_2023_10_22_10_46_55.jpg,875_left_2023_10_22_10_46_55.json
879_left_2023_10_22_10_46_56.jpg,879_left_2023_10_22_10_46_56.jpg,879_left_2023_10_22_10_46_56.json
885_left_2023_10_22_10_46_57.jpg,885_left_2023_10_22_10_46_57.jpg,885_left_2023_10_22_10_46_57.json
88_left_2023_10_22_10_44_44.jpg,88_left_2023_10_22_10_44_44.jpg,88_left_2023_10_22_10_44_44.json
893_left_2023_10_22_10_46_58.jpg,893_left_2023_10_22_10_46_58.jpg,893_left_2023_10_22_10_46_58.json
895_left_2023_10_22_10_46_59.jpg,895_left_2023_10_22_10_46_59.jpg,895_left_2023_10_22_10_46_59.json
8_left_2023_10_22_10_44_31.jpg,8_left_2023_10_22_10_44_31.jpg,8_left_2023_10_22_10_44_31.json
904_left_2023_10_22_10_47_00.jpg,904_left_2023_10_22_10_47_00.jpg,904_left_2023_10_22_10_47_00.json
906_left_2023_10_22_10_47_00.jpg,906_left_2023_10_22_10_47_00.jpg,906_left_2023_10_22_10_47_00.json
908_left_2023_10_22_10_47_01.jpg,908_left_2023_10_22_10_47_01.jpg,908_left_2023_10_22_10_47_01.json
914_left_2023_10_22_10_47_02.jpg,914_left_2023_10_22_10_47_02.jpg,914_left_2023_10_22_10_47_02.json
918_left_2023_10_22_10_47_02.jpg,918_left_2023_10_22_10_47_02.jpg,918_left_2023_10_22_10_47_02.json
92_left_2023_10_22_10_44_45.jpg,92_left_2023_10_22_10_44_45.jpg,92_left_2023_10_22_10_44_45.json
935_left_2023_10_22_10_47_05.jpg,935_left_2023_10_22_10_47_05.jpg,935_left_2023_10_22_10_47_05.json
93_left_2023_10_22_10_44_45.jpg,93_left_2023_10_22_10_44_45.jpg,93_left_2023_10_22_10_44_45.json
941_left_2023_10_22_10_47_06.jpg,941_left_2023_10_22_10_47_06.jpg,941_left_2023_10_22_10_47_06.json
949_left_2023_10_22_10_47_08.jpg,949_left_2023_10_22_10_47_08.jpg,949_left_2023_10_22_10_47_08.json
957_left_2023_10_22_10_47_09.jpg,957_left_2023_10_22_10_47_09.jpg,957_left_2023_10_22_10_47_09.json
963_left_2023_10_22_10_47_10.jpg,963_left_2023_10_22_10_47_10.jpg,963_left_2023_10_22_10_47_10.json
968_left_2023_10_22_10_47_11.jpg,968_left_2023_10_22_10_47_11.jpg,968_left_2023_10_22_10_47_11.json
969_left_2023_10_22_10_47_11.jpg,969_left_2023_10_22_10_47_11.jpg,969_left_2023_10_22_10_47_11.json
970_left_2023_10_22_10_47_11.jpg,970_left_2023_10_22_10_47_11.jpg,970_left_2023_10_22_10_47_11.json
971_left_2023_10_22_10_47_11.jpg,971_left_2023_10_22_10_47_11.jpg,971_left_2023_10_22_10_47_11.json
972_left_2023_10_22_10_47_11.jpg,972_left_2023_10_22_10_47_11.jpg,972_left_2023_10_22_10_47_11.json
973_left_2023_10_22_10_47_12.jpg,973_left_2023_10_22_10_47_12.jpg,973_left_2023_10_22_10_47_12.json
974_left_2023_10_22_10_47_12.jpg,974_left_2023_10_22_10_47_12.jpg,974_left_2023_10_22_10_47_12.json
975_left_2023_10_22_10_47_12.jpg,975_left_2023_10_22_10_47_12.jpg,975_left_2023_10_22_10_47_12.json
976_left_2023_10_22_10_47_12.jpg,976_left_2023_10_22_10_47_12.jpg,976_left_2023_10_22_10_47_12.json
977_left_2023_10_22_10_47_12.jpg,977_left_2023_10_22_10_47_12.jpg,977_left_2023_10_22_10_47_12.json
978_left_2023_10_22_10_47_12.jpg,978_left_2023_10_22_10_47_12.jpg,978_left_2023_10_22_10_47_12.json
979_left_2023_10_22_10_47_13.jpg,979_left_2023_10_22_10_47_13.jpg,979_left_2023_10_22_10_47_13.json
98_left_2023_10_22_10_44_46.jpg,98_left_2023_10_22_10_44_46.jpg,98_left_2023_10_22_10_44_46.json
99_left_2023_10_22_10_44_46.jpg,99_left_2023_10_22_10_44_46.jpg,99_left_2023_10_22_10_44_46.json
9_left_2023_10_22_10_44_31.jpg,9_left_2023_10_22_10_44_31.jpg,9_left_2023_10_22_10_44_31.json
